{"train loss": 0.05289190978383583, "test loss": 3.6093913034185188, "epochs": 49999, "_timestamp": 1693200996.975633, "_runtime": 22391.285742998123, "_step": 50000, "table": {"_type": "table-file", "sha256": "f904820dc9d40c78441ecd3e6f4bb6cbd2408d6717897c7d0289fdcd544ff284", "size": 143, "artifact_path": "wandb-client-artifact://6lw2uy5bz4oczdrkunps4nw6zw5yvz3x4l26ybkbbo1tybdzamp6gmm5jma5ux4efon5izhsozr9jkzua3kegw79d01ipljep2yzl8vyr6tmjfmnc636kfrbf7fxex19:latest/table.table.json", "_latest_artifact_path": "wandb-client-artifact://6lw2uy5bz4oczdrkunps4nw6zw5yvz3x4l26ybkbbo1tybdzamp6gmm5jma5ux4efon5izhsozr9jkzua3kegw79d01ipljep2yzl8vyr6tmjfmnc636kfrbf7fxex19:latest/table.table.json", "path": "media/table/table_50000_f904820dc9d40c78441e.table.json", "ncols": 3, "nrows": 1}, "_wandb": {"runtime": 22390}}